{
  "Nevhodná": {
    "M": {
      "mean_npv": -92866.1780760487,
      "p5_npv": -116815.0160665196,
      "p95_npv": -65693.78194637115,
      "mean_eaa": -3714.647123041947,
      "median_eaa": -3781.6673952821648,
      "p5_eaa": -4672.600642660785,
      "p95_eaa": -2627.751277854846,
      "std_yearly_cf": 5892.046877753483,
      "var5_eaa": -4672.600642660785,
      "cvar5_eaa": -4842.947186650136,
      "var5_npv": -116815.0160665196,
      "cvar5_npv": -121073.67966625342,
      "p_pos": 0.0,
      "irr_median": NaN,
      "irr_p5": NaN,
      "irr_valid": 0
    },
    "S": {
      "mean_npv": -76958.5437761678,
      "p5_npv": -97391.3101170047,
      "p95_npv": -54004.40165776426,
      "mean_eaa": -2565.284792538927,
      "median_eaa": -2618.7049278420964,
      "p5_eaa": -3246.377003900157,
      "p95_eaa": -1800.1467219254753,
      "std_yearly_cf": 3045.304940846286,
      "var5_eaa": -3246.377003900157,
      "cvar5_eaa": -3351.528934134772,
      "var5_npv": -97391.3101170047,
      "cvar5_npv": -100545.86802404314,
      "p_pos": 0.0,
      "irr_median": NaN,
      "irr_p5": NaN,
      "irr_valid": 0
    },
    "yield_range_M": [
      0,
      4
    ],
    "yield_range_S": [
      0,
      4
    ]
  },
  "Neúrodná": {
    "M": {
      "mean_npv": -48621.87892660228,
      "p5_npv": -71652.33715637785,
      "p95_npv": -23754.958769151603,
      "mean_eaa": -1944.8751570640914,
      "median_eaa": -1971.6961122972757,
      "p5_eaa": -2866.093486255114,
      "p95_eaa": -950.1983507660641,
      "std_yearly_cf": 6453.697356698787,
      "var5_eaa": -2866.093486255114,
      "cvar5_eaa": -3080.092836779953,
      "var5_npv": -71652.33715637785,
      "cvar5_npv": -77002.32091949883,
      "p_pos": 0.0012,
      "irr_median": 0.009600592134301747,
      "irr_p5": -0.023020979605406687,
      "irr_valid": 13
    },
    "S": {
      "mean_npv": -31481.680113462902,
      "p5_npv": -52560.23223086345,
      "p95_npv": -9122.854870273397,
      "mean_eaa": -1049.38933711543,
      "median_eaa": -1066.0349577746624,
      "p5_eaa": -1752.0077410287818,
      "p95_eaa": -304.09516234244654,
      "std_yearly_cf": 5314.136865286551,
      "var5_eaa": -1752.0077410287818,
      "cvar5_eaa": -1905.1193691642643,
      "var5_npv": -52560.23223086345,
      "cvar5_npv": -57153.58107492793,
      "p_pos": 0.0136,
      "irr_median": 0.01613547793720621,
      "irr_p5": 0.002114386188322717,
      "irr_valid": 136
    },
    "yield_range_M": [
      4,
      7
    ],
    "yield_range_S": [
      4,
      7
    ]
  },
  "Průměrná": {
    "M": {
      "mean_npv": 14733.103804063529,
      "p5_npv": -34421.07389475405,
      "p95_npv": 68298.00207979402,
      "mean_eaa": 589.324152162541,
      "median_eaa": 524.1803425231378,
      "p5_eaa": -1376.842955790162,
      "p95_eaa": 2731.9200831917615,
      "std_yearly_cf": 7498.081092961606,
      "var5_eaa": -1376.842955790162,
      "cvar5_eaa": -1676.3948018566646,
      "var5_npv": -34421.07389475405,
      "cvar5_npv": -41909.87004641661,
      "p_pos": 0.6718,
      "irr_median": 0.06726079742596339,
      "irr_p5": 0.004430840742668021,
      "irr_valid": 6935
    },
    "S": {
      "mean_npv": 37503.94993698226,
      "p5_npv": -6939.839576454921,
      "p95_npv": 81881.8514011235,
      "mean_eaa": 1250.131664566075,
      "median_eaa": 1233.6732756096721,
      "p5_eaa": -231.3279858818307,
      "p95_eaa": 2729.3950467041163,
      "std_yearly_cf": 8948.139706592954,
      "var5_eaa": -231.3279858818307,
      "cvar5_eaa": -575.6719796649276,
      "var5_npv": -6939.839576454921,
      "cvar5_npv": -17270.15938994783,
      "p_pos": 0.9209,
      "irr_median": 0.08117259149384458,
      "irr_p5": 0.022940092987939077,
      "irr_valid": 9209
    },
    "yield_range_M": [
      7,
      14
    ],
    "yield_range_S": [
      7,
      12
    ]
  },
  "Optimální": {
    "M": {
      "mean_npv": 71772.88668842774,
      "p5_npv": 20880.176322601827,
      "p95_npv": 121720.29847922329,
      "mean_eaa": 2870.9154675371096,
      "median_eaa": 2916.9021247918017,
      "p5_eaa": 835.207052904073,
      "p95_eaa": 4868.8119391689315,
      "std_yearly_cf": 8572.746650838002,
      "var5_eaa": 835.207052904073,
      "cvar5_eaa": -514.7531772821791,
      "var5_npv": 20880.176322601827,
      "cvar5_npv": -12868.82943205448,
      "p_pos": 0.9714,
      "irr_median": 0.14121273998401287,
      "irr_p5": 0.06508777894154229,
      "irr_valid": 9727
    },
    "S": {
      "mean_npv": 94768.01415009542,
      "p5_npv": 46545.1013880335,
      "p95_npv": 142200.66205299174,
      "mean_eaa": 3158.93380500318,
      "median_eaa": 3214.4493422435035,
      "p5_eaa": 1551.5033796011169,
      "p95_eaa": 4740.022068433058,
      "std_yearly_cf": 12385.265458875301,
      "var5_eaa": 1551.5033796011169,
      "cvar5_eaa": 297.68996814270304,
      "var5_npv": 46545.1013880335,
      "cvar5_npv": 8930.699044281091,
      "p_pos": 0.9747,
      "irr_median": 0.14516517560678643,
      "irr_p5": 0.09696229550206245,
      "irr_valid": 9747
    },
    "yield_range_M": [
      14,
      16
    ],
    "yield_range_S": [
      12,
      15
    ]
  },
  "meta": {
    "N": 10000,
    "AREA": 10.0,
    "PACHT": 200.0,
    "DISCOUNT": 0.0,
    "DRIFT": 0.01,
    "ESCALATION": 0.02,
    "RHO": 0.0
  }
}