{
  "baseline": {
    "M": {
      "mean_eaa": 601.1464861366622,
      "var_eaa": -1387.2580578195143,
      "cvar_eaa": -1696.848946275971
    },
    "S": {
      "mean_eaa": 1247.0395921652168,
      "var_eaa": -255.35103930091563,
      "cvar_eaa": -574.6264455541876
    }
  },
  "params": [
    {
      "display": "Prodejní cena Miscanthus (±20 %)",
      "key": "prodejni_cena_M",
      "mode": "factor",
      "lo_val": 0.8,
      "hi_val": 1.2,
      "M": {
        "d_eaa_lo": -1410.2114023119143,
        "d_eaa_hi": 1408.0179811769217,
        "d_var_lo": -939.6189440664784,
        "d_var_hi": 893.9829301056409,
        "d_cvar_lo": -954.818409623618,
        "d_cvar_hi": 499.5566902864307
      },
      "S": {
        "d_eaa_lo": 0.0,
        "d_eaa_hi": 0.0,
        "d_var_lo": 0.0,
        "d_var_hi": 0.0,
        "d_cvar_lo": 0.0,
        "d_cvar_hi": 0.0
      }
    },
    {
      "display": "Prodejní cena SRC vrba (±20 %)",
      "key": "prodejni_cena_S",
      "mode": "factor",
      "lo_val": 0.8,
      "hi_val": 1.2,
      "M": {
        "d_eaa_lo": 0.0,
        "d_eaa_hi": 0.0,
        "d_var_lo": 0.0,
        "d_var_hi": 0.0,
        "d_cvar_lo": 0.0,
        "d_cvar_hi": 0.0
      },
      "S": {
        "d_eaa_lo": -1456.511987048804,
        "d_eaa_hi": 1451.825677005473,
        "d_var_lo": -1044.9403769905139,
        "d_var_hi": 1175.285831584611,
        "d_cvar_lo": -969.9469631931848,
        "d_cvar_hi": 560.8471680795524
      }
    },
    {
      "display": "Cena oddenku Miscanthus (0,10–0,50 €/ks)",
      "key": "cena_sadby_M",
      "mode": "absolute",
      "lo_val": 0.1,
      "hi_val": 0.5,
      "M": {
        "d_eaa_lo": 649.5232,
        "d_eaa_hi": -649.5232,
        "d_var_lo": 653.5828597536165,
        "d_var_hi": -657.473393459233,
        "d_cvar_lo": 654.4280562164038,
        "d_cvar_hi": -667.1238322572015
      },
      "S": {
        "d_eaa_lo": 0.0,
        "d_eaa_hi": 0.0,
        "d_var_lo": 0.0,
        "d_var_hi": 0.0,
        "d_cvar_lo": 0.0,
        "d_cvar_hi": 0.0
      }
    },
    {
      "display": "Cena řízku SRC vrba (0,04–0,20 €/ks)",
      "key": "cena_sadby_S",
      "mode": "absolute",
      "lo_val": 0.04,
      "hi_val": 0.2,
      "M": {
        "d_eaa_lo": 0.0,
        "d_eaa_hi": 0.0,
        "d_var_lo": 0.0,
        "d_var_hi": 0.0,
        "d_cvar_lo": 0.0,
        "d_cvar_hi": 0.0
      },
      "S": {
        "d_eaa_lo": 189.53386666666665,
        "d_eaa_hi": -189.53386666666643,
        "d_var_lo": 197.42663693576526,
        "d_var_hi": -189.55813352430377,
        "d_cvar_lo": 192.07340795863428,
        "d_cvar_hi": -192.7971847886954
      }
    },
    {
      "display": "Sklizňové náklady (±20 %)",
      "key": "sklizen",
      "mode": "factor",
      "lo_val": 0.8,
      "hi_val": 1.2,
      "M": {
        "d_eaa_lo": 354.69140078461703,
        "d_eaa_hi": -354.69140078461714,
        "d_var_lo": 142.98964056135378,
        "d_var_hi": -140.67272805209814,
        "d_cvar_lo": 144.31825344012077,
        "d_cvar_hi": -200.26885271184983
      },
      "S": {
        "d_eaa_lo": 545.1771552822509,
        "d_eaa_hi": -545.1771552822505,
        "d_var_lo": 451.31441494331966,
        "d_var_hi": -369.9520011558549,
        "d_cvar_lo": 212.53876846210636,
        "d_cvar_hi": -234.85482433930622
      }
    },
    {
      "display": "Roční údržba (±20 %)",
      "key": "udrzba",
      "mode": "factor",
      "lo_val": 0.8,
      "hi_val": 1.2,
      "M": {
        "d_eaa_lo": 225.91886600168755,
        "d_eaa_hi": -225.9188660016875,
        "d_var_lo": 129.46732250312925,
        "d_var_hi": -121.07900285169035,
        "d_cvar_lo": 137.79864322830008,
        "d_cvar_hi": -174.52969742418463
      },
      "S": {
        "d_eaa_lo": 104.94427507006753,
        "d_eaa_hi": -104.94427507006753,
        "d_var_lo": 107.61307944018398,
        "d_var_hi": -107.61307944018446,
        "d_cvar_lo": 54.2369920378527,
        "d_cvar_hi": -54.23699203785293
      }
    },
    {
      "display": "Volatilita cen σ_P (±50 %)",
      "key": "sigma_P",
      "mode": "factor",
      "lo_val": 0.5,
      "hi_val": 1.5,
      "M": {
        "d_eaa_lo": 0.3114845340210195,
        "d_eaa_hi": 0.5334921707143394,
        "d_var_lo": 137.68787957264362,
        "d_var_hi": -158.55412528119746,
        "d_cvar_lo": 151.430016251491,
        "d_cvar_hi": -269.63721494860283
      },
      "S": {
        "d_eaa_lo": 2.0459555151082895,
        "d_eaa_hi": -3.5327546557709866,
        "d_var_lo": 224.45173572107353,
        "d_var_hi": -328.1324220457126,
        "d_cvar_lo": 128.81002824156593,
        "d_cvar_hi": -205.1333698465678
      }
    },
    {
      "display": "Eskalace OPEX (−5 % až +5 %)",
      "key": "ce_abs",
      "mode": "absolute",
      "lo_val": -0.05,
      "hi_val": 0.05,
      "M": {
        "d_eaa_lo": 1649.0637445941925,
        "d_eaa_hi": -1406.7433660861334,
        "d_var_lo": 1261.459189851051,
        "d_var_hi": -1078.3229414046655,
        "d_cvar_lo": 699.948787181657,
        "d_cvar_hi": -1153.5213799828764
      },
      "S": {
        "d_eaa_lo": 2073.2264121486505,
        "d_eaa_hi": -1925.3674074585572,
        "d_var_lo": 1725.9307901563495,
        "d_var_hi": -1510.697341815454,
        "d_cvar_lo": 840.2132423640969,
        "d_cvar_hi": -1437.7921692808677
      }
    },
    {
      "display": "Eskalace ceny (−5 % až +5 %)",
      "key": "drift_abs",
      "mode": "absolute",
      "lo_val": -0.05,
      "hi_val": 0.05,
      "M": {
        "d_eaa_lo": -2559.6448933480397,
        "d_eaa_hi": 2332.9418520658733,
        "d_var_lo": -1751.602740386233,
        "d_var_hi": 1664.2878186701023,
        "d_cvar_lo": -1685.4405962991475,
        "d_cvar_hi": 847.3421686243978
      },
      "S": {
        "d_eaa_lo": -3322.8331852377705,
        "d_eaa_hi": 2897.405203805257,
        "d_var_lo": -2510.4962654927062,
        "d_var_hi": 2439.844409345957,
        "d_cvar_lo": -2304.012216593268,
        "d_cvar_hi": 1158.8917046044212
      }
    }
  ],
  "meta": {
    "N": 5000,
    "AREA": 10.0,
    "soil": "Průměrná"
  }
}