{
  "Nevhodná": {
    "M": {
      "npv": -92383.6021949624,
      "eaa": -3695.344087798496,
      "y_max_used": 2.0
    },
    "S": {
      "npv": -76909.18143113458,
      "eaa": -2563.6393810378195,
      "y_max_used": 2.0
    }
  },
  "Neúrodná": {
    "M": {
      "npv": -43950.08152048273,
      "eaa": -1758.0032608193092,
      "y_max_used": 5.5
    },
    "S": {
      "npv": -26715.478024542885,
      "eaa": -890.5159341514295,
      "y_max_used": 5.5
    }
  },
  "Průměrná": {
    "M": {
      "npv": 25240.66230020253,
      "eaa": 1009.6264920081012,
      "y_max_used": 10.5
    },
    "S": {
      "npv": 49025.31114533038,
      "eaa": 1634.1770381776794,
      "y_max_used": 9.5
    }
  },
  "Optimální": {
    "M": {
      "npv": 87512.33173881925,
      "eaa": 3500.49326955277,
      "y_max_used": 15.0
    },
    "S": {
      "npv": 112172.00859192018,
      "eaa": 3739.066953064006,
      "y_max_used": 13.5
    }
  }
}