{
  "discount_curve_prumerna": {
    "M": {
      "r": [
        0.0,
        0.005,
        0.01,
        0.015,
        0.02,
        0.025,
        0.03,
        0.035,
        0.04,
        0.045,
        0.05,
        0.055,
        0.06,
        0.065,
        0.07,
        0.075,
        0.08,
        0.085,
        0.09,
        0.095,
        0.1,
        0.105,
        0.11,
        0.115,
        0.12
      ],
      "mean_eaa": [
        589.324152162541,
        538.9540025921252,
        483.74348905959425,
        423.70334198714636,
        358.86357493815075,
        289.27277510326246,
        214.9972137380436,
        136.11979933198407,
        52.73889819312673,
        -35.032951752136775,
        -127.07040779168554,
        -223.23674409285374,
        -323.3853033817063,
        -427.36095533329154,
        -535.0015403164609,
        -646.1392794064853,
        -760.6021340660359,
        -878.2151014989564,
        -998.8014343115423,
        -1122.183775692685,
        -1248.18520378217,
        -1376.6301811827875,
        -1507.3454076491405,
        -1640.1605758279304,
        -1774.9090315181434
      ],
      "var_eaa": [
        -1376.842955790162,
        -1452.1190158048405,
        -1530.8821501462808,
        -1612.538286808926,
        -1695.2858769573586,
        -1781.0743163170537,
        -1872.2420448021953,
        -1965.5605409688008,
        -2063.7608817756964,
        -2161.7248874900997,
        -2268.8556187957483,
        -2375.8598983641473,
        -2489.2842166687333,
        -2605.356321930564,
        -2721.942271861433,
        -2841.3331015872304,
        -2962.2193579745162,
        -3085.8430619199553,
        -3211.6645861642214,
        -3340.796496531398,
        -3472.770391150001,
        -3607.4084374375616,
        -3740.486635049919,
        -3874.358077460191,
        -4018.4198942228645
      ],
      "cvar_eaa": [
        -1676.3948018566646,
        -1753.881095227703,
        -1835.5509933279793,
        -1921.3686552726786,
        -2011.3282689328244,
        -2105.259922165266,
        -2202.8822983288105,
        -2304.0373543728824,
        -2408.6332717179203,
        -2516.5858186537007,
        -2627.6142771556283,
        -2741.797624746429,
        -2859.35937186343,
        -2979.855998957774,
        -3103.0924917299403,
        -3228.941423556171,
        -3357.388793909423,
        -3488.584848162774,
        -3622.5108123874925,
        -3758.634301977521,
        -3897.063289110734,
        -4037.8750180907873,
        -4181.106365632806,
        -4326.4734663778745,
        -4473.618961702564
      ],
      "p_pos": [
        0.6718,
        0.6572,
        0.639,
        0.6171,
        0.5966,
        0.5762,
        0.5513,
        0.5247,
        0.4965,
        0.4687,
        0.4399,
        0.4129,
        0.3849,
        0.3597,
        0.333,
        0.3034,
        0.2761,
        0.2502,
        0.228,
        0.2023,
        0.1797,
        0.1589,
        0.1416,
        0.1226,
        0.106
      ]
    },
    "S": {
      "r": [
        0.0,
        0.005,
        0.01,
        0.015,
        0.02,
        0.025,
        0.03,
        0.035,
        0.04,
        0.045,
        0.05,
        0.055,
        0.06,
        0.065,
        0.07,
        0.075,
        0.08,
        0.085,
        0.09,
        0.095,
        0.1,
        0.105,
        0.11,
        0.115,
        0.12
      ],
      "mean_eaa": [
        1250.131664566075,
        1207.3726515073286,
        1158.7401665148127,
        1104.3407594221794,
        1044.3139230657691,
        978.8294888435602,
        908.0846543979053,
        832.3007315215918,
        751.7197044685583,
        666.600687362995,
        577.2163647542471,
        483.8494921079673,
        386.78952377764654,
        286.32942541830874,
        182.76271651710786,
        76.38077730366231,
        -32.52955673890803,
        -143.68809981316184,
        -256.82311645668835,
        -371.6728221143285,
        -487.9865944455119,
        -605.5259114064195,
        -724.0650360513976,
        -843.3914706761317,
        -963.3062045089144
      ],
      "var_eaa": [
        -231.3279858818307,
        -282.35652754650215,
        -337.68322573326225,
        -397.03516404974624,
        -466.8641480449238,
        -534.5631987185087,
        -602.7077985300082,
        -675.7506734784671,
        -751.9201089120526,
        -833.2244452659797,
        -921.990777920852,
        -1007.1925970732557,
        -1091.8637371701323,
        -1180.3404321057428,
        -1268.0455340248368,
        -1362.129246831619,
        -1453.254013832084,
        -1543.6054216320335,
        -1633.31442539546,
        -1724.9140066613154,
        -1821.0853376033144,
        -1916.2384397226176,
        -2014.8475822343926,
        -2112.986985170403,
        -2213.7787989075223
      ],
      "cvar_eaa": [
        -575.6719796649276,
        -623.9330341457292,
        -675.4114707686368,
        -730.1097289202243,
        -787.9180154572765,
        -848.76318892472,
        -912.4201845177442,
        -978.7958510091654,
        -1047.7266662737059,
        -1119.0761611106052,
        -1192.6436183750181,
        -1268.544469531833,
        -1346.7642149808037,
        -1427.0416162332288,
        -1509.483895524777,
        -1594.119076477277,
        -1681.2316103132341,
        -1770.4734406899786,
        -1861.8794394476051,
        -1955.1590327555664,
        -2050.7581533267503,
        -2148.7165640707444,
        -2249.035129877235,
        -2351.3760206638717,
        -2455.6088869700716
      ],
      "p_pos": [
        0.9209,
        0.9135,
        0.9049,
        0.894,
        0.8843,
        0.8684,
        0.8519,
        0.8325,
        0.809,
        0.7798,
        0.7479,
        0.7087,
        0.6677,
        0.623,
        0.5762,
        0.5284,
        0.474,
        0.4187,
        0.3667,
        0.3157,
        0.2682,
        0.2235,
        0.1804,
        0.1399,
        0.1086
      ]
    }
  },
  "irr_optimalni": {
    "M_median": 0.14121273998401287,
    "M_p25": 0.11064526845293665,
    "M_p75": 0.17027652828985218,
    "M_valid_count": 9727,
    "S_median": 0.14516517560678643,
    "S_p25": 0.12606552237475319,
    "S_p75": 0.16385388535774267,
    "S_valid_count": 9747,
    "N": 10000
  }
}