{
  "Průměrná": {
    "weights": [
      0.0,
      0.02,
      0.04,
      0.06,
      0.08,
      0.1,
      0.12,
      0.14,
      0.16,
      0.18,
      0.2,
      0.22,
      0.24,
      0.26,
      0.28,
      0.3,
      0.32,
      0.34,
      0.36,
      0.38,
      0.4,
      0.42,
      0.44,
      0.46,
      0.48,
      0.5,
      0.52,
      0.54,
      0.56,
      0.58,
      0.6,
      0.62,
      0.64,
      0.66,
      0.68,
      0.7000000000000001,
      0.72,
      0.74,
      0.76,
      0.78,
      0.8,
      0.8200000000000001,
      0.84,
      0.86,
      0.88,
      0.9,
      0.92,
      0.9400000000000001,
      0.96,
      0.98,
      1.0
    ],
    "means_eaa": [
      1240.118357696123,
      1227.177751221232,
      1214.2371447463404,
      1201.2965382714492,
      1188.3559317965585,
      1175.415325321667,
      1162.474718846776,
      1149.5341123718845,
      1136.5935058969935,
      1123.6528994221023,
      1110.7122929472112,
      1097.7716864723202,
      1084.8310799974286,
      1071.8904735225376,
      1058.9498670476462,
      1046.009260572755,
      1033.0686540978638,
      1020.1280476229728,
      1007.1874411480818,
      994.2468346731905,
      981.3062281982993,
      968.365621723408,
      955.425015248517,
      942.4844087736258,
      929.5438022987345,
      916.6031958238434,
      903.6625893489521,
      890.7219828740609,
      877.7813763991699,
      864.8407699242786,
      851.9001634493876,
      838.9595569744963,
      826.018950499605,
      813.0783440247138,
      800.1377375498226,
      787.1971310749315,
      774.2565246000403,
      761.3159181251491,
      748.3753116502579,
      735.4347051753668,
      722.4940987004755,
      709.5534922255844,
      696.6128857506933,
      683.672279275802,
      670.7316728009108,
      657.7910663260196,
      644.8504598511284,
      631.9098533762373,
      618.9692469013462,
      606.028640426455,
      593.0880339515637
    ],
    "stds_yearly": [
      8928.179509732863,
      8804.129325893826,
      8681.961282963084,
      8561.751432646552,
      8443.579072703726,
      8327.526764770462,
      8213.680337360422,
      8102.128871970499,
      7992.964669969794,
      7886.283197725886,
      7782.18300722341,
      7680.765629263769,
      7582.135436209292,
      7486.399471158403,
      7393.667240420903,
      7304.050466215703,
      7217.662796649879,
      7134.619470271816,
      7055.036932835959,
      6979.032404386497,
      6906.723395374113,
      6838.227171274449,
      6773.660166085394,
      6713.137346145126,
      6656.771526929197,
      6604.672646841295,
      6556.947003487476,
      6513.696459486543,
      6475.017626478209,
      6441.001037592661,
      6411.730320177029,
      6387.281381963519,
      6367.721625031701,
      6353.109202781232,
      6343.492335610097,
      6338.90870101288,
      6339.384913311819,
      6344.936107167881,
      6355.565637372053,
      6371.264905201289,
      6392.013318885092,
      6417.778392548827,
      6448.515984492354,
      6484.170671970231,
      6524.676255924963,
      6569.956385561687,
      6619.925289413322,
      6674.4885967892815,
      6733.544231363764,
      6796.983357242171,
      6864.691357205941
    ],
    "cvars_eaa": [
      -574.7416249605867,
      -570.5330619029162,
      -566.5959036681952,
      -562.8013046870494,
      -560.0461264194919,
      -559.5341467915576,
      -561.811020677339,
      -565.9599263461632,
      -572.644501553581,
      -581.8077924527379,
      -593.1084943214676,
      -606.133739825991,
      -621.2443159482176,
      -637.8628590418131,
      -655.8246469772376,
      -675.2440091231534,
      -695.7302471095375,
      -717.2183418486683,
      -739.4357643560888,
      -762.3528119409073,
      -785.8785673972806,
      -810.0686531540063,
      -834.8860901182592,
      -860.2771744535728,
      -886.066289632157,
      -912.1858091080168,
      -938.6198943272306,
      -965.3829686011718,
      -992.4357895756185,
      -1019.8153993475289,
      -1047.6955847424385,
      -1075.9554621448829,
      -1104.651217671413,
      -1133.6581412662404,
      -1163.0814108182735,
      -1192.9238976185813,
      -1223.037171473093,
      -1253.3838603172678,
      -1284.1969803961244,
      -1315.440109310704,
      -1347.0504012274305,
      -1379.0460893477016,
      -1411.3905533895334,
      -1444.1088674912648,
      -1477.3608335931124,
      -1511.1122049306227,
      -1545.5471089404562,
      -1580.632662872975,
      -1616.7883168903124,
      -1654.1351950980434,
      -1692.098993851627
    ],
    "p_pos": [
      0.9191,
      0.9174,
      0.9146,
      0.9126,
      0.9105,
      0.9086,
      0.9051,
      0.9017,
      0.8996,
      0.897,
      0.8934,
      0.8904,
      0.8877,
      0.8863,
      0.8831,
      0.879,
      0.8757,
      0.8729,
      0.8695,
      0.8656,
      0.8618,
      0.8574,
      0.8523,
      0.8466,
      0.8407,
      0.8366,
      0.8315,
      0.8251,
      0.8189,
      0.8126,
      0.806,
      0.8004,
      0.7935,
      0.7871,
      0.7815,
      0.7751,
      0.7694,
      0.7637,
      0.7564,
      0.7494,
      0.7426,
      0.7344,
      0.7288,
      0.7213,
      0.7143,
      0.7066,
      0.6995,
      0.6929,
      0.6873,
      0.6807,
      0.6727
    ],
    "corr": 0.6788125761324163,
    "idx_minvar": 35,
    "idx_maxcvar": 5,
    "idx_maxmu": 0
  },
  "Optimální": {
    "weights": [
      0.0,
      0.02,
      0.04,
      0.06,
      0.08,
      0.1,
      0.12,
      0.14,
      0.16,
      0.18,
      0.2,
      0.22,
      0.24,
      0.26,
      0.28,
      0.3,
      0.32,
      0.34,
      0.36,
      0.38,
      0.4,
      0.42,
      0.44,
      0.46,
      0.48,
      0.5,
      0.52,
      0.54,
      0.56,
      0.58,
      0.6,
      0.62,
      0.64,
      0.66,
      0.68,
      0.7000000000000001,
      0.72,
      0.74,
      0.76,
      0.78,
      0.8,
      0.8200000000000001,
      0.84,
      0.86,
      0.88,
      0.9,
      0.92,
      0.9400000000000001,
      0.96,
      0.98,
      1.0
    ],
    "means_eaa": [
      3153.9199656408764,
      3148.4223747400038,
      3142.924783839132,
      3137.4271929382594,
      3131.929602037388,
      3126.432011136516,
      3120.9344202356438,
      3115.436829334772,
      3109.9392384339003,
      3104.4416475330286,
      3098.944056632156,
      3093.446465731284,
      3087.9488748304116,
      3082.45128392954,
      3076.9536930286677,
      3071.4561021277955,
      3065.9585112269237,
      3060.460920326052,
      3054.9633294251794,
      3049.465738524308,
      3043.9681476234364,
      3038.4705567225637,
      3032.9729658216916,
      3027.4753749208203,
      3021.9777840199476,
      3016.480193119076,
      3010.982602218204,
      3005.4850113173316,
      2999.98742041646,
      2994.4898295155876,
      2988.9922386147155,
      2983.4946477138437,
      2977.9970568129716,
      2972.4994659120994,
      2967.001875011227,
      2961.504284110356,
      2956.0066932094833,
      2950.509102308612,
      2945.0115114077394,
      2939.5139205068676,
      2934.0163296059955,
      2928.518738705124,
      2923.021147804251,
      2917.5235569033794,
      2912.0259660025076,
      2906.5283751016354,
      2901.0307842007637,
      2895.5331932998915,
      2890.0356023990194,
      2884.5380114981476,
      2879.0404205972754
    ],