{
  "sub_0": {
    "Nevhodná": {
      "M": {
        "mean_npv": -92866.1780760487,
        "mean_eaa": -3714.647123041947,
        "median_eaa": -3781.6673952821648,
        "p5_eaa": -4672.600642660785,
        "p95_eaa": -2627.751277854846,
        "std_yearly_cf": 5892.046877753483,
        "var5_eaa": -4672.600642660785,
        "cvar5_eaa": -4842.947186650136,
        "p_pos": 0.0,
        "irr_median": NaN,
        "irr_valid": 0
      },
      "S": {
        "mean_npv": -76958.5437761678,
        "mean_eaa": -2565.284792538927,
        "median_eaa": -2618.7049278420964,
        "p5_eaa": -3246.377003900157,
        "p95_eaa": -1800.1467219254753,
        "std_yearly_cf": 3045.304940846286,
        "var5_eaa": -3246.377003900157,
        "cvar5_eaa": -3351.528934134772,
        "p_pos": 0.0,
        "irr_median": NaN,
        "irr_valid": 0
      }
    },
    "Neúrodná": {
      "M": {
        "mean_npv": -48621.87892660228,
        "mean_eaa": -1944.8751570640914,
        "median_eaa": -1971.6961122972757,
        "p5_eaa": -2866.093486255114,
        "p95_eaa": -950.1983507660641,
        "std_yearly_cf": 6453.697356698787,
        "var5_eaa": -2866.093486255114,
        "cvar5_eaa": -3080.092836779953,
        "p_pos": 0.0012,
        "irr_median": 0.009600592134301747,
        "irr_valid": 13
      },
      "S": {
        "mean_npv": -31481.680113462902,
        "mean_eaa": -1049.38933711543,
        "median_eaa": -1066.0349577746624,
        "p5_eaa": -1752.0077410287818,
        "p95_eaa": -304.09516234244654,
        "std_yearly_cf": 5314.136865286551,
        "var5_eaa": -1752.0077410287818,
        "cvar5_eaa": -1905.1193691642643,
        "p_pos": 0.0136,
        "irr_median": 0.01613547793720621,
        "irr_valid": 136
      }
    },
    "Průměrná": {
      "M": {
        "mean_npv": 14733.103804063529,
        "mean_eaa": 589.324152162541,
        "median_eaa": 524.1803425231378,
        "p5_eaa": -1376.842955790162,
        "p95_eaa": 2731.9200831917615,
        "std_yearly_cf": 7498.081092961606,
        "var5_eaa": -1376.842955790162,
        "cvar5_eaa": -1676.3948018566646,
        "p_pos": 0.6718,
        "irr_median": 0.06726079742596339,
        "irr_valid": 6935
      },
      "S": {
        "mean_npv": 37503.94993698226,
        "mean_eaa": 1250.131664566075,
        "median_eaa": 1233.6732756096721,
        "p5_eaa": -231.3279858818307,
        "p95_eaa": 2729.3950467041163,
        "std_yearly_cf": 8948.139706592954,
        "var5_eaa": -231.3279858818307,
        "cvar5_eaa": -575.6719796649276,
        "p_pos": 0.9209,
        "irr_median": 0.08117259149384458,
        "irr_valid": 9209
      }
    },
    "Optimální": {
      "M": {
        "mean_npv": 71772.88668842774,
        "mean_eaa": 2870.9154675371096,
        "median_eaa": 2916.9021247918017,
        "p5_eaa": 835.207052904073,
        "p95_eaa": 4868.8119391689315,
        "std_yearly_cf": 8572.746650838002,
        "var5_eaa": 835.207052904073,
        "cvar5_eaa": -514.7531772821791,
        "p_pos": 0.9714,
        "irr_median": 0.14121273998401287,
        "irr_valid": 9727
      },
      "S": {
        "mean_npv": 94768.01415009542,
        "mean_eaa": 3158.93380500318,
        "median_eaa": 3214.4493422435035,
        "p5_eaa": 1551.5033796011169,
        "p95_eaa": 4740.022068433058,
        "std_yearly_cf": 12385.265458875301,
        "var5_eaa": 1551.5033796011169,
        "cvar5_eaa": 297.68996814270304,
        "p_pos": 0.9747,
        "irr_median": 0.14516517560678643,
        "irr_valid": 9747
      }
    }
  },
  "sub_25": {
    "Nevhodná": {
      "M": {
        "mean_npv": -85495.14392736406,
        "mean_eaa": -3419.8057570945634,
        "median_eaa": -3486.3716608666646,
        "p5_eaa": -4373.374623273193,
        "p95_eaa": -2338.8583286950557,
        "std_yearly_cf": 4464.629624043759,
        "var5_eaa": -4373.374623273193,
        "cvar5_eaa": -4533.655570511055,
        "p_pos": 0.0,
        "irr_median": NaN,
        "irr_valid": 0
      },
      "S": {
        "mean_npv": -73624.19303799153,
        "mean_eaa": -2454.1397679330507,
        "median_eaa": -2508.7283347537414,
        "p5_eaa": -3138.5820743705804,
        "p95_eaa": -1690.7404377404846,
        "std_yearly_cf": 2567.3693688961685,
        "var5_eaa": -3138.5820743705804,
        "cvar5_eaa": -3237.932129214183,
        "p_pos": 0.0,
        "irr_median": NaN,
        "irr_valid": 0
      }
    },
    "Neúrodná": {
      "M": {
        "mean_npv": -41250.84477791766,
        "mean_eaa": -1650.0337911167064,
        "median_eaa": -1678.952078891801,
        "p5_eaa": -2553.634319684616,
        "p95_eaa": -662.6351027238314,
        "std_yearly_cf": 5080.985510305359,
        "var5_eaa": -2553.634319684616,
        "cvar5_eaa": -2772.944796957504,
        "p_pos": 0.0041,
        "irr_median": 0.01611116383314041,
        "irr_valid": 42
      },
      "S": {
        "mean_npv": -28147.329375286627,
        "mean_eaa": -938.2443125095542,
        "median_eaa": -956.014324122633,
        "p5_eaa": -1639.624551250219,
        "p95_eaa": -194.92284193290183,
        "std_yearly_cf": 5018.51606487979,
        "var5_eaa": -1639.624551250219,
        "cvar5_eaa": -1790.7623553404399,
        "p_pos": 0.0226,
        "irr_median": 0.02037529040734157,
        "irr_valid": 226
      }
    },
    "Průměrná": {
      "M": {
        "mean_npv": 22104.13795274815,
        "mean_eaa": 884.1655181099259,
        "median_eaa": 817.6711848950399,
        "p5_eaa": -1087.5837118408147,
        "p95_eaa": 3026.142396147843,
        "std_yearly_cf": 6230.302438009511,
        "var5_eaa": -1087.5837118408147,
        "cvar5_eaa": -1370.4075694465953,
        "p_pos": 0.7571,
        "irr_median": 0.09169951139669588,
        "irr_valid": 7664
      },
      "S": {
        "mean_npv": 40838.30067515853,
        "mean_eaa": 1361.276689171951,
        "median_eaa": 1345.0162717511166,
        "p5_eaa": -120.72256963126718,
        "p95_eaa": 2840.6414484306706,
        "std_yearly_cf": 8740.609310241536,
        "var5_eaa": -120.72256963126718,
        "cvar5_eaa": -462.38989669523204,
        "p_pos": 0.936,
        "irr_median": 0.09399782915645376,
        "irr_valid": 9360
      }
    },
    "Optimální": {
      "M": {
        "mean_npv": 79143.92083711235,
        "mean_eaa": 3165.7568334844946,
        "median_eaa": 3213.225766438971,
        "p5_eaa": 1147.2271127268543,
        "p95_eaa": 5161.044279361326,
        "std_yearly_cf": 7395.582787128328,
        "var5_eaa": 1147.2271127268543,
        "cvar5_eaa": -216.31645691973378,
        "p_pos": 0.9732,
        "irr_median": 0.17671414374855215,
        "irr_valid": 9736
      },
      "S": {
        "mean_npv": 98102.3648882717,
        "mean_eaa": 3270.078829609056,
        "median_eaa": 3324.436531305153,
        "p5_eaa": 1665.4018971783105,
        "p95_eaa": 4852.795358382733,
        "std_yearly_cf": 12216.156771884866,
        "var5_eaa": 1665.4018971783105,
        "cvar5_eaa": 410.4605081856814,
        "p_pos": 0.9747,
        "irr_median": 0.16146961296891588,
        "irr_valid": 9747
      }
    }
  },
  "sub_50": {
    "Nevhodná": {
      "M": {
        "mean_npv": -78124.10977867946,
        "mean_eaa": -3124.9643911471785,
        "median_eaa": -3191.07146679976,
        "p5_eaa": -4078.0975542978613,
        "p95_eaa": -2054.1534176222744,
        "std_yearly_cf": 3052.9636504185323,
        "var5_eaa": -4078.0975542978613,
        "cvar5_eaa": -4229.073688027177,
        "p_pos": 0.0,
        "irr_median": NaN,
        "irr_valid": 0
      },
      "S": {
        "mean_npv": -70289.84229981525,
        "mean_eaa": -2342.9947433271755,
        "median_eaa": -2398.6655044698323,
        "p5_eaa": -3023.222560174949,
        "p95_eaa": -1581.9101978718195,
        "std_yearly_cf": 2144.0025136773215,
        "var5_eaa": -3023.222560174949,
        "cvar5_eaa": -3125.1967451114224,
        "p_pos": 0.0,