{
  "Nevhodná": {
    "irr_M": {
      "median": null,
      "p25": null,
      "p75": null,
      "valid_pct": 0.0
    },
    "irr_S": {
      "median": null,
      "p25": null,
      "p75": null,
      "valid_pct": 0.0
    },
    "scenarios": [
      {
        "label": "r=0% (baseline)",
        "r": 0.0,
        "M": {
          "mean_npv": -92866.1780760487,
          "mean_eaa": -3714.647123041947,
          "p_pos": 0.0,
          "cvar5_eaa": -4842.947186650136
        },
        "S": {
          "mean_npv": -76958.5437761678,
          "mean_eaa": -2565.284792538927,
          "p_pos": 0.0,
          "cvar5_eaa": -3351.528934134772
        }
      },
      {
        "label": "Knápek konvenční (8.5%)",
        "r": 0.085,
        "M": {
          "mean_npv": -54326.82496822369,
          "mean_eaa": -5308.365472367522,
          "p_pos": 0.0,
          "cvar5_eaa": -6806.68154230826
        },
        "S": {
          "mean_npv": -38673.83816986126,
          "mean_eaa": -3598.622891200453,
          "p_pos": 0.0,
          "cvar5_eaa": -4452.873593027969
        }
      },
      {
        "label": "Knápek perenniální (11.5%)",
        "r": 0.115,
        "M": {
          "mean_npv": -48641.98037273522,
          "mean_eaa": -5987.73199493314,
          "p_pos": 0.0,
          "cvar5_eaa": -7669.683311423634
        },
        "S": {
          "mean_npv": -33771.7464060192,
          "mean_eaa": -4037.8883265655472,
          "p_pos": 0.0,
          "cvar5_eaa": -4928.559297889976
        }
      }
    ]
  },
  "Neúrodná": {
    "irr_M": {
      "median": 0.009600592134301747,
      "p25": 0.0050188139565307995,
      "p75": 0.014798182703290199,
      "valid_pct": 0.13
    },
    "irr_S": {
      "median": 0.01613547793720621,
      "p25": 0.009110841745541677,
      "p75": 0.029648410383804686,
      "valid_pct": 1.36
    },
    "scenarios": [
      {
        "label": "r=0% (baseline)",
        "r": 0.0,
        "M": {
          "mean_npv": -48621.87892660228,
          "mean_eaa": -1944.8751570640914,
          "p_pos": 0.0012,
          "cvar5_eaa": -3080.092836779953
        },
        "S": {
          "mean_npv": -31481.680113462902,
          "mean_eaa": -1049.38933711543,
          "p_pos": 0.0136,
          "cvar5_eaa": -1905.1193691642643
        }
      },
      {
        "label": "IRR p25 M (0.5%)",
        "r": 0.0050188139565307995,
        "M": {
          "mean_npv": -47106.4998713764,
          "mean_eaa": -2009.6589403224118,
          "p_pos": 0.001,
          "cvar5_eaa": -3162.7109974693376
        },
        "S": {
          "mean_npv": -30399.702382742405,
          "mean_eaa": -1094.0581587366771,
          "p_pos": 0.0118,
          "cvar5_eaa": -1954.796770600433
        }
      },
      {
        "label": "IRR med. M (1.0%)",
        "r": 0.009600592134301747,
        "M": {
          "mean_npv": -45858.037556139934,
          "mean_eaa": -2072.0004282717346,
          "p_pos": 0.0007,
          "cvar5_eaa": -3242.051022116015
        },
        "S": {
          "mean_npv": -29548.088821704245,
          "mean_eaa": -1138.263307276727,
          "p_pos": 0.0098,
          "cvar5_eaa": -2002.933109823255
        }
      },
      {
        "label": "Knápek konvenční (8.5%)",
        "r": 0.085,
        "M": {
          "mean_npv": -35684.7706340337,
          "mean_eaa": -3486.818978172519,
          "p_pos": 0.0,
          "cvar5_eaa": -5015.395642580424
        },
        "S": {
          "mean_npv": -24138.99944769429,
          "mean_eaa": -2246.147786046326,
          "p_pos": 0.0,
          "cvar5_eaa": -3145.6632319665778
        }
      },
      {
        "label": "Knápek perenniální (11.5%)",
        "r": 0.115,
        "M": {
          "mean_npv": -34120.52234838363,
          "mean_eaa": -4200.169108734819,
          "p_pos": 0.0,
          "cvar5_eaa": -5910.295260482182
        },
        "S": {
          "mean_npv": -23452.18752333927,
          "mean_eaa": -2804.0395984982206,
          "p_pos": 0.0,
          "cvar5_eaa": -3731.442755545008
        }
      }
    ]
  },
  "Průměrná": {
    "irr_M": {
      "median": 0.06726079742596339,
      "p25": 0.03573004533876194,
      "p75": 0.10177544156778322,
      "valid_pct": 69.35
    },
    "irr_S": {
      "median": 0.08117259149384458,
      "p25": 0.05722949267443782,
      "p75": 0.10410318551306079,
      "valid_pct": 92.09
    },
    "scenarios": [
      {
        "label": "r=0% (baseline)",
        "r": 0.0,
        "M": {
          "mean_npv": 14733.103804063529,
          "mean_eaa": 589.324152162541,
          "p_pos": 0.6718,
          "cvar5_eaa": -1676.3948018566646
        },
        "S": {
          "mean_npv": 37503.94993698226,
          "mean_eaa": 1250.131664566075,
          "p_pos": 0.9209,
          "cvar5_eaa": -575.6719796649276
        }
      },
      {
        "label": "IRR p25 M (3.6%)",
        "r": 0.03573004533876194,
        "M": {
          "mean_npv": 2031.2674935857021,
          "mean_eaa": 124.22367241985987,
          "p_pos": 0.5201,
          "cvar5_eaa": -2319.0974969366694
        },
        "S": {
          "mean_npv": 14959.567651735646,
          "mean_eaa": 820.828248456319,
          "p_pos": 0.8295,
          "cvar5_eaa": -988.7054070626286
        }
      },
      {
        "label": "IRR med. M (6.7%)",
        "r": 0.06726079742596339,
        "M": {
          "mean_npv": -5681.792899790087,
          "mean_eaa": -475.5876883772204,
          "p_pos": 0.3468,
          "cvar5_eaa": -3035.2375753890624
        },
        "S": {
          "mean_npv": 3060.3038908692242,
          "mean_eaa": 239.86797941843196,
          "p_pos": 0.6029,
          "cvar5_eaa": -1464.0370873164218
        }
      },
      {
        "label": "Knápek konvenční (8.5%)",
        "r": 0.085,
        "M": {
          "mean_npv": -8987.820893632961,
          "mean_eaa": -878.2151014989564,
          "p_pos": 0.2502,
          "cvar5_eaa": -3488.584848162774
        },
        "S": {
          "mean_npv": -1544.1935671273857,
          "mean_eaa": -143.68809981316184,
          "p_pos": 0.4187,
          "cvar5_eaa": -1770.4734406899786
        }
      },
      {
        "label": "Knápek perenniální (11.5%)",
        "r": 0.115,
        "M": {
          "mean_npv": -13324.019612946477,
          "mean_eaa": -1640.1605758279304,
          "p_pos": 0.1226,
          "cvar5_eaa": -4326.4734663778745
        },
        "S": {
          "mean_npv": -7053.885735591934,
          "mean_eaa": -843.3914706761317,
          "p_pos": 0.1399,
          "cvar5_eaa": -2351.3760206638717
        }
      }
    ]
  },
  "Optimální": {
    "irr_M": {
      "median": 0.14121273998401287,
      "p25": 0.11064526845293665,
      "p75": 0.17027652828985218,
      "valid_pct": 97.27
    },
    "irr_S": {
      "median": 0.14516517560678643,
      "p25": 0.12606552237475319,
      "p75": 0.16385388535774267,
      "valid_pct": 97.47
    },
    "scenarios": [
      {
        "label": "r=0% (baseline)",
        "r": 0.0,
        "M": {
          "mean_npv": 71772.88668842774,
          "mean_eaa": 2870.9154675371096,
          "p_pos": 0.9714,
          "cvar5_eaa": -514.7531772821791
        },
        "S": {
          "mean_npv": 94768.01415009542,
          "mean_eaa": 3158.93380500318,
          "p_pos": 0.9747,
          "cvar5_eaa": 297.68996814270304
        }
      },
      {
        "label": "IRR p25 M (11.1%)",
        "r": 0.11064526845293665,
        "M": {
          "mean_npv": 6604.868593890091,
          "mean_eaa": 787.9611883916008,
          "p_pos": 0.7295,
          "cvar5_eaa": -3073.321071646793
        },
        "S": {
          "mean_npv": 8128.6779819335725,
          "mean_eaa": 939.740784675573,
          "p_pos": 0.862,
          "cvar5_eaa": -1491.5927961676032
        }
      },
      {
        "label": "IRR med. M (14.1%)",
        "r": 0.14121273998401287,
        "M": {
          "mean_npv": -805.744919055809,