{
  "baseline": {
    "Nevhodná": {
      "M": {
        "mean_npv": -92866.1780760487,
        "mean_eaa": -3714.647123041947,
        "median_eaa": -3781.6673952821648,
        "p5_eaa": -4672.600642660785,
        "p95_eaa": -2627.751277854846,
        "std_yearly_cf": 5892.046877753483,
        "var5_eaa": -4672.600642660785,
        "cvar5_eaa": -4842.947186650136,
        "p_pos": 0.0
      },
      "S": {
        "mean_npv": -76958.5437761678,
        "mean_eaa": -2565.284792538927,
        "median_eaa": -2618.7049278420964,
        "p5_eaa": -3246.377003900157,
        "p95_eaa": -1800.1467219254753,
        "std_yearly_cf": 3045.304940846286,
        "var5_eaa": -3246.377003900157,
        "cvar5_eaa": -3351.528934134772,
        "p_pos": 0.0
      }
    },
    "Neúrodná": {
      "M": {
        "mean_npv": -48621.87892660228,
        "mean_eaa": -1944.8751570640914,
        "median_eaa": -1971.6961122972757,
        "p5_eaa": -2866.093486255114,
        "p95_eaa": -950.1983507660641,
        "std_yearly_cf": 6453.697356698787,
        "var5_eaa": -2866.093486255114,
        "cvar5_eaa": -3080.092836779953,
        "p_pos": 0.0012
      },
      "S": {
        "mean_npv": -31481.680113462902,
        "mean_eaa": -1049.38933711543,
        "median_eaa": -1066.0349577746624,
        "p5_eaa": -1752.0077410287818,
        "p95_eaa": -304.09516234244654,
        "std_yearly_cf": 5314.136865286551,
        "var5_eaa": -1752.0077410287818,
        "cvar5_eaa": -1905.1193691642643,
        "p_pos": 0.0136
      }
    },
    "Průměrná": {
      "M": {
        "mean_npv": 14733.103804063529,
        "mean_eaa": 589.324152162541,
        "median_eaa": 524.1803425231378,
        "p5_eaa": -1376.842955790162,
        "p95_eaa": 2731.9200831917615,
        "std_yearly_cf": 7498.081092961606,
        "var5_eaa": -1376.842955790162,
        "cvar5_eaa": -1676.3948018566646,
        "p_pos": 0.6718
      },
      "S": {
        "mean_npv": 37503.94993698226,
        "mean_eaa": 1250.131664566075,
        "median_eaa": 1233.6732756096721,
        "p5_eaa": -231.3279858818307,
        "p95_eaa": 2729.3950467041163,
        "std_yearly_cf": 8948.139706592954,
        "var5_eaa": -231.3279858818307,
        "cvar5_eaa": -575.6719796649276,
        "p_pos": 0.9209
      }
    },
    "Optimální": {
      "M": {
        "mean_npv": 71772.88668842774,
        "mean_eaa": 2870.9154675371096,
        "median_eaa": 2916.9021247918017,
        "p5_eaa": 835.207052904073,
        "p95_eaa": 4868.8119391689315,
        "std_yearly_cf": 8572.746650838002,
        "var5_eaa": 835.207052904073,
        "cvar5_eaa": -514.7531772821791,
        "p_pos": 0.9714
      },
      "S": {
        "mean_npv": 94768.01415009542,
        "mean_eaa": 3158.93380500318,
        "median_eaa": 3214.4493422435035,
        "p5_eaa": 1551.5033796011169,
        "p95_eaa": 4740.022068433058,
        "std_yearly_cf": 12385.265458875301,
        "var5_eaa": 1551.5033796011169,
        "cvar5_eaa": 297.68996814270304,
        "p_pos": 0.9747
      }
    }
  },
  "katastrofa": {
    "Nevhodná": {
      "M": {
        "mean_npv": -99074.30576540803,
        "mean_eaa": -3962.9722306163208,
        "median_eaa": -4026.3728231890136,
        "p5_eaa": -4714.669477057925,
        "p95_eaa": -3135.3111236726545,
        "std_yearly_cf": 5820.741087855543,
        "var5_eaa": -4714.669477057925,
        "cvar5_eaa": -4878.650296602005,
        "p_pos": 0.0
      },
      "S": {
        "mean_npv": -83017.1255777926,
        "mean_eaa": -2767.2375192597533,
        "median_eaa": -2827.5218504347567,
        "p5_eaa": -3294.0951199329556,
        "p95_eaa": -2204.3688054370105,
        "std_yearly_cf": 2780.5741941271513,
        "var5_eaa": -3294.0951199329556,
        "cvar5_eaa": -3366.7856544663096,
        "p_pos": 0.0
      }
    },
    "Neúrodná": {
      "M": {
        "mean_npv": -65297.99775994929,
        "mean_eaa": -2611.9199103979713,
        "median_eaa": -2656.6526832314357,
        "p5_eaa": -3381.83176636437,
        "p95_eaa": -1643.9408046270964,
        "std_yearly_cf": 6264.07292162027,
        "var5_eaa": -3381.83176636437,
        "cvar5_eaa": -3571.3782198785007,
        "p_pos": 0.0
      },
      "S": {
        "mean_npv": -49102.06326910454,
        "mean_eaa": -1636.735442303485,
        "median_eaa": -1678.7569892265788,
        "p5_eaa": -2192.739007035028,
        "p95_eaa": -918.7083134131843,
        "std_yearly_cf": 4311.6867468536775,
        "var5_eaa": -2192.739007035028,
        "cvar5_eaa": -2309.985622225867,
        "p_pos": 0.0
      }
    },
    "Průměrná": {
      "M": {
        "mean_npv": -16931.471588682627,
        "mean_eaa": -677.258863547305,
        "median_eaa": -754.9989105648929,
        "p5_eaa": -2132.297434889288,
        "p95_eaa": 1055.6062473570269,
        "std_yearly_cf": 7109.880745018851,
        "var5_eaa": -2132.297434889288,
        "cvar5_eaa": -2438.950269796841,
        "p_pos": 0.2294
      },
      "S": {
        "mean_npv": 4415.067360255944,
        "mean_eaa": 147.16891200853146,
        "median_eaa": 107.33584271722994,
        "p5_eaa": -846.447039780406,
        "p95_eaa": 1308.9131970551823,
        "std_yearly_cf": 7102.946991598922,
        "var5_eaa": -846.447039780406,
        "cvar5_eaa": -1070.2806941086496,
        "p_pos": 0.5622
      }
    },
    "Optimální": {
      "M": {
        "mean_npv": 26596.368196704014,
        "mean_eaa": 1063.8547278681604,
        "median_eaa": 1042.916095170183,
        "p5_eaa": -632.3938936014048,
        "p95_eaa": 2758.3799139130683,
        "std_yearly_cf": 7993.539858659458,
        "var5_eaa": -632.3938936014048,
        "cvar5_eaa": -1134.969853700866,
        "p_pos": 0.8635
      },
      "S": {
        "mean_npv": 48349.3606022327,
        "mean_eaa": 1611.6453534077566,
        "median_eaa": 1609.3183729028076,
        "p5_eaa": 353.92234092926293,
        "p95_eaa": 2901.317701271632,
        "std_yearly_cf": 9780.81444632006,
        "var5_eaa": 353.92234092926293,
        "cvar5_eaa": -255.82008029169475,
        "p_pos": 0.9686
      }
    }
  },
  "meta": {
    "N": 10000,
    "AREA": 10.0,
    "PACHT": 200.0,
    "KAT_LEN": 10,
    "KAT_LO": 0.4,
    "KAT_HI": 0.6
  }
}